{
  "snapshot_id": "reconciliation_20260420_logprob",
  "created_utc": "2026-04-20T11:07:09.099483Z",
  "source_analysis_dir": "analysis_logprob",
  "source_results_dir": "expirement_results/logprob/results",
  "pre_registered": {
    "H1": {
      "stat": -10.951770662010613,
      "p_adj": 1.0,
      "decision": "Fail"
    },
    "H2": {
      "slope": 0.013896086821819597,
      "p_adj": 0.7034813799335158,
      "decision": "Fail"
    },
    "H3": {
      "violation_rate": 0.1,
      "p_adj": 1.0,
      "decision": "Fail"
    },
    "H4": {
      "z": 30.024496915349896,
      "p_adj": 0.0,
      "decision": "Reject"
    },
    "H5": {
      "t": 204.56953884340092,
      "p_adj": 0.0,
      "decision": "Reject"
    },
    "H6": {
      "t": -13.07735425422666,
      "p_adj": 5.380754309184536e-23,
      "decision": "Reject"
    }
  },
  "reconciliation": {
    "supplementary_old_paper_h2": {
      "rho": -0.9841853541317703,
      "p_value": 1.3612048415330883e-22,
      "n_points": 30,
      "r_min": 0.7,
      "w_ratio_min": 0.25,
      "per_weight": {
        "0.25": {
          "rho": -1.0,
          "p_value": 0.0,
          "n_points": 6
        },
        "0.5": {
          "rho": -1.0,
          "p_value": 0.0,
          "n_points": 6
        },
        "1.0": {
          "rho": -1.0,
          "p_value": 0.0,
          "n_points": 6
        },
        "2.0": {
          "rho": -1.0,
          "p_value": 0.0,
          "n_points": 6
        },
        "4.0": {
          "rho": -1.0,
          "p_value": 0.0,
          "n_points": 6
        }
      }
    },
    "post_hoc": {
      "H1_prime": {
        "statistic": 10.950787315637369,
        "p_value": 4.66712529351552e-19,
        "effect_size": 1.095078731563737,
        "ci_lo": 0.09370302796496201,
        "ci_hi": 0.13306911896298096,
        "mean_diff": 0.11276905160460066,
        "percent_degradation": 0.41164181807877476,
        "n": 100,
        "fixed_n": 32,
        "w_ratio_treated": 4.0
      },
      "H2_prime": {
        "jt_statistic": 203.5,
        "z": 3.76018692835046,
        "p_value": 8.489321970750474e-05,
        "rho": 0.8944271909999157,
        "rho_p_value": 0.04051932635383408,
        "means_by_weight": {
          "0.25": 0.7038567780821918,
          "0.5": 0.7470182301369863,
          "1.0": 0.7604408931506849,
          "2.0": 0.7604408931506849,
          "4.0": 0.7604408931506849
        },
        "n_obs": 25,
        "n_groups": 5,
        "fixed_n": 32,
        "r_min": 0.7,
        "include_control": false
      },
      "H3_prime": {
        "violations": 6,
        "total_tests": 60,
        "violation_rate": 0.1,
        "tolerance": 0.15,
        "criterion_met": true,
        "p_value": 0.18484131448273428,
        "ci_lo": 0.0,
        "ci_hi": 0.1878573819889824,
        "statistically_supported": false
      }
    }
  },
  "math_consistency_check": {
    "proposition_prop_bon_axis_note": "H1 fail is consistent with Brier conflating reliability and resolution; fixed-axis H1_prime supports perturbation mechanism.",
    "lemma19_part_ii_shape": "H2 linear test fails but ordered monotone H2_prime passes, consistent with staircase/onset behavior.",
    "theorem_pareto_finite_sample": "H3 strict convexity fails at 10% violations; H3_prime meets <15% point criterion with uncertainty caveat.",
    "mechanism_tests": "H4/H5/H6 all strongly support threshold clustering, binding specificity, and control improvement."
  }
}