{
  "H1": {
    "statistic": 10.950787315637369,
    "p_value": 4.66712529351552e-19,
    "effect_size": 1.095078731563737,
    "ci_lo": 0.09371657603475253,
    "ci_hi": 0.13228874719356154,
    "mean_diff": 0.11276905160460066,
    "percent_degradation": 0.41164181807877476,
    "n": 100,
    "fixed_n": 32,
    "w_ratio_treated": 4.0
  },
  "H2": {
    "jt_statistic": 203.5,
    "z": 3.76018692835046,
    "p_value": 8.489321970750474e-05,
    "rho": 0.8944271909999157,
    "rho_p_value": 0.04051932635383408,
    "means_by_weight": {
      "0.25": 0.7038567780821918,
      "0.5": 0.7470182301369863,
      "1.0": 0.7604408931506849,
      "2.0": 0.7604408931506849,
      "4.0": 0.7604408931506849
    },
    "n_obs": 25,
    "n_groups": 5,
    "fixed_n": 32,
    "r_min": 0.7,
    "include_control": false
  },
  "H3": {
    "violations": 6,
    "total_tests": 60,
    "violation_rate": 0.1,
    "tolerance": 0.15,
    "criterion_met": true,
    "p_value": 0.18484131448273428,
    "ci_lo": 0.0,
    "ci_hi": 0.1878573819889824,
    "statistically_supported": false
  },
  "H4": {
    "0.5": {
      "p_base": 0.013888888888888888,
      "p_treat": 0.26055555555555554,
      "diff": 0.24666666666666665,
      "z": 23.290033522806656,
      "p_value": 0.0,
      "n_base": 2160,
      "n_treat": 1800,
      "ci_lo": 0.1799861111111111,
      "ci_hi": 0.32111111111111107,
      "effect_size": 0.24666666666666665
    },
    "0.7": {
      "p_base": 0.18356164383561643,
      "p_treat": 0.6487671232876713,
      "diff": 0.4652054794520548,
      "z": 30.024496915349896,
      "p_value": 0.0,
      "n_base": 2190,
      "n_treat": 1825,
      "ci_lo": 0.38849315068493157,
      "ci_hi": 0.5463013698630137,
      "effect_size": 0.4652054794520548
    },
    "0.9": {
      "p_base": 0.5026315789473684,
      "p_treat": 0.6357894736842106,
      "diff": 0.13315789473684214,
      "z": 8.642624993774747,
      "p_value": 0.0,
      "n_base": 2280,
      "n_treat": 1900,
      "ci_lo": 0.057881578947368485,
      "ci_hi": 0.21001315789473674,
      "effect_size": 0.13315789473684214
    },
    "z": 30.024496915349896,
    "p_value": 0.0,
    "ci_lo": 0.38849315068493157,
    "ci_hi": 0.5463013698630137,
    "effect_size": 0.4652054794520548
  },
  "H5": {
    "mean_bind": 0.7375728277625571,
    "mean_nonbind": 0.024402725925925916,
    "ratio": 30.22501789355204,
    "statistic": 204.56953884340092,
    "p_value": 0.0,
    "effect_size": 5.320678557247785,
    "ci_lo": 0.708297802867749,
    "ci_hi": 0.7182632667508879,
    "n_bind": 5475,
    "n_nonbind": 2025
  },
  "H6": {
    "statistic": -13.07735425422666,
    "p_value": 1.345188577296134e-23,
    "effect_size": 1.307735425422666,
    "ci_lo": -0.3179243853672401,
    "ci_hi": -0.23665899061218,
    "mean_diff": -0.27714802239484604,
    "n": 100
  },
  "correction": {
    "H1": {
      "rank": 4,
      "original_p": 4.66712529351552e-19,
      "adjusted_p": 1.400137588054656e-18,
      "rejected": true
    },
    "H2": {
      "rank": 5,
      "original_p": 8.489321970750474e-05,
      "adjusted_p": 0.00016978643941500948,
      "rejected": true
    },
    "H3": {
      "rank": 6,
      "original_p": 0.18484131448273428,
      "adjusted_p": 0.18484131448273428,
      "rejected": false
    },
    "H4": {
      "rank": 1,
      "original_p": 0.0,
      "adjusted_p": 0.0,
      "rejected": true
    },
    "H5": {
      "rank": 2,
      "original_p": 0.0,
      "adjusted_p": 0.0,
      "rejected": true
    },
    "H6": {
      "rank": 3,
      "original_p": 1.345188577296134e-23,
      "adjusted_p": 5.380754309184536e-23,
      "rejected": true
    }
  },
  "original_prereg_spec": {
    "H1": {
      "statistic": -10.951770662010613,
      "p_value": 1.0,
      "effect_size": -1.0951770662010611,
      "ci_lo": -0.22824855926225315,
      "ci_hi": -0.16110633441727065,
      "mean_diff": -0.19279550284346925,
      "n": 100
    },
    "H2": {
      "slope": 0.013896086821819597,
      "intercept": 0.7160338931887367,
      "p_value": 0.23449379331117193,
      "r_squared": 0.42328126204811395,
      "ci_lo": 0.012958038424903014,
      "ci_hi": 0.014834135218736179
    },
    "H3": {
      "violations": 6,
      "total_tests": 60,
      "violation_rate": 0.1,
      "convex": false
    }
  },
  "paper_h2_spearman": {
    "rho": -0.9841853541317703,
    "p_value": 1.3612048415330883e-22,
    "n_points": 30,
    "r_min": 0.7,
    "w_ratio_min": 0.25,
    "per_weight": {
      "0.25": {
        "rho": -1.0,
        "p_value": 0.0,
        "n_points": 6
      },
      "0.5": {
        "rho": -1.0,
        "p_value": 0.0,
        "n_points": 6
      },
      "1.0": {
        "rho": -1.0,
        "p_value": 0.0,
        "n_points": 6
      },
      "2.0": {
        "rho": -1.0,
        "p_value": 0.0,
        "n_points": 6
      },
      "4.0": {
        "rho": -1.0,
        "p_value": 0.0,
        "n_points": 6
      }
    }
  },
  "H3_convexity_by_N": {
    "slack": 0.05,
    "by_N": {
      "1": {
        "N": 1,
        "violations": 0,
        "total_tests": 60,
        "violation_rate": 0.0,
        "ci_lo": 0.0,
        "ci_hi": 0.04870291330998524
      },
      "2": {
        "N": 2,
        "violations": 0,
        "total_tests": 60,
        "violation_rate": 0.0,
        "ci_lo": 0.0,
        "ci_hi": 0.04870291330998524
      },
      "4": {
        "N": 4,
        "violations": 1,
        "total_tests": 60,
        "violation_rate": 0.016666666666666666,
        "ci_lo": 0.0,
        "ci_hi": 0.07663999493445713
      },
      "8": {
        "N": 8,
        "violations": 8,
        "total_tests": 60,
        "violation_rate": 0.13333333333333333,
        "ci_lo": 0.0,
        "ci_hi": 0.22773994566432654
      },
      "16": {
        "N": 16,
        "violations": 13,
        "total_tests": 60,
        "violation_rate": 0.21666666666666667,
        "ci_lo": 0.0,
        "ci_hi": 0.3222427957584327
      },
      "32": {
        "N": 32,
        "violations": 17,
        "total_tests": 60,
        "violation_rate": 0.2833333333333333,
        "ci_lo": 0.0,
        "ci_hi": 0.394158431444753
      }
    },
    "trend": {
      "spearman_rho": 0.9856107606091623,
      "p_value_two_sided": 0.00030908566784966984,
      "interpretation": "Increasing trend: consistent with H2's saturation plateau becoming more pronounced at larger N (the Pareto frontier exposes a flat face, not curvature) --- compatible with convexity of the achievable region in Proposition 3."
    }
  },
  "reconciliation": {
    "supplementary_old_paper_h2": {
      "rho": -0.9841853541317703,
      "p_value": 1.3612048415330883e-22,
      "n_points": 30,
      "r_min": 0.7,
      "w_ratio_min": 0.25,
      "per_weight": {
        "0.25": {
          "rho": -1.0,
          "p_value": 0.0,
          "n_points": 6
        },
        "0.5": {
          "rho": -1.0,
          "p_value": 0.0,
          "n_points": 6
        },
        "1.0": {
          "rho": -1.0,
          "p_value": 0.0,
          "n_points": 6
        },
        "2.0": {
          "rho": -1.0,
          "p_value": 0.0,
          "n_points": 6
        },
        "4.0": {
          "rho": -1.0,
          "p_value": 0.0,
          "n_points": 6
        }
      }
    },
    "post_hoc": {
      "H1_prime": {
        "statistic": 10.950787315637369,
        "p_value": 4.66712529351552e-19,
        "effect_size": 1.095078731563737,
        "ci_lo": 0.09371657603475253,
        "ci_hi": 0.13228874719356154,
        "mean_diff": 0.11276905160460066,
        "percent_degradation": 0.41164181807877476,
        "n": 100,
        "fixed_n": 32,
        "w_ratio_treated": 4.0
      },
      "H2_prime": {
        "jt_statistic": 203.5,
        "z": 3.76018692835046,
        "p_value": 8.489321970750474e-05,
        "rho": 0.8944271909999157,
        "rho_p_value": 0.04051932635383408,
        "means_by_weight": {
          "0.25": 0.7038567780821918,
          "0.5": 0.7470182301369863,