{
  "hypothesis_version": "hypotheses_experiment_updated_20042026",
  "H1": {
    "statistic": 10.950787315637369,
    "p_value": 4.66712529351552e-19,
    "effect_size": 1.095078731563737,
    "ci_lo": 0.09370302796496201,
    "ci_hi": 0.13306911896298096,
    "mean_diff": 0.11276905160460066,
    "percent_degradation": 0.41164181807877476,
    "n": 100,
    "fixed_n": 32,
    "w_ratio_control": 0.0,
    "w_ratio_treated": 4.0
  },
  "H2": {
    "slope": 0.009425069435852087,
    "intercept": 0.7318306799086759,
    "r_squared": 0.3439743387086409,
    "jt_statistic": 203.5,
    "z": 3.76018692835046,
    "p_value": 8.489321970750474e-05,
    "rho": 0.8944271909999157,
    "rho_p_value": 0.04051932635383408,
    "means_by_weight": {
      "0.25": 0.7038567780821918,
      "0.5": 0.7470182301369863,
      "1.0": 0.7604408931506849,
      "2.0": 0.7604408931506849,
      "4.0": 0.7604408931506849
    },
    "n_obs": 25,
    "n_groups": 5,
    "fixed_n": 32,
    "r_min": 0.7,
    "include_control": false
  },
  "H3": {
    "violations": 6,
    "total_tests": 60,
    "violation_rate": 0.1,
    "tolerance": 0.15,
    "axis_slack": 0.05,
    "criterion_met": true,
    "convex": true,
    "p_value": 0.18484131448273428,
    "ci_lo": 0.0,
    "ci_hi": 0.1878573819889824,
    "statistically_supported": false
  },
  "H4": {
    "0.5": {
      "p_base": 0.013888888888888888,
      "p_treat": 0.26055555555555554,
      "diff": 0.24666666666666665,
      "z": 23.290033522806656,
      "p_value": 0.0,
      "n_base": 2160,
      "n_treat": 1800,
      "ci_lo": 0.18,
      "ci_hi": 0.3188888888888889,
      "effect_size": 0.24666666666666665
    },
    "0.7": {
      "p_base": 0.18356164383561643,
      "p_treat": 0.6487671232876713,
      "diff": 0.4652054794520548,
      "z": 30.024496915349896,
      "p_value": 0.0,
      "n_base": 2190,
      "n_treat": 1825,
      "ci_lo": 0.3863013698630138,
      "ci_hi": 0.5430136986301369,
      "effect_size": 0.4652054794520548
    },
    "0.9": {
      "p_base": 0.5026315789473684,
      "p_treat": 0.6357894736842106,
      "diff": 0.13315789473684214,
      "z": 8.642624993774747,
      "p_value": 0.0,
      "n_base": 2280,
      "n_treat": 1900,
      "ci_lo": 0.05842105263157904,
      "ci_hi": 0.2094736842105263,
      "effect_size": 0.13315789473684214
    },
    "z": 30.024496915349896,
    "p_value": 0.0,
    "ci_lo": 0.3863013698630138,
    "ci_hi": 0.5430136986301369,
    "effect_size": 0.4652054794520548
  },
  "H5": {
    "mean_bind": 0.7375728277625571,
    "mean_nonbind": 0.024402725925925916,
    "ratio": 30.22501789355204,
    "statistic": 204.56953884340092,
    "p_value": 0.0,
    "effect_size": 5.320678557247785,
    "ci_lo": 0.7082145276462033,
    "ci_hi": 0.7182385593461864,
    "n_bind": 5475,
    "n_nonbind": 2025
  },
  "H6": {
    "statistic": -13.07735425422666,
    "p_value": 1.345188577296134e-23,
    "effect_size": 1.307735425422666,
    "ci_lo": -0.3187101004803737,
    "ci_hi": -0.23712774311183168,
    "mean_diff": -0.27714802239484604,
    "n": 100
  },
  "correction": {
    "H1": {
      "rank": 5,
      "original_p": 4.66712529351552e-19,
      "adjusted_p": 9.33425058703104e-19,
      "rejected": true
    },
    "H2": {
      "rank": 6,
      "original_p": 8.489321970750474e-05,
      "adjusted_p": 8.489321970750474e-05,
      "rejected": true
    },
    "H3": {
      "rank": 1,
      "original_p": 0.0,
      "adjusted_p": 0.0,
      "rejected": true
    },
    "H4": {
      "rank": 2,
      "original_p": 0.0,
      "adjusted_p": 0.0,
      "rejected": true
    },
    "H5": {
      "rank": 3,
      "original_p": 0.0,
      "adjusted_p": 0.0,
      "rejected": true
    },
    "H6": {
      "rank": 4,
      "original_p": 1.345188577296134e-23,
      "adjusted_p": 4.035565731888402e-23,
      "rejected": true
    }
  }
}